date,snow_day,snowfall_last_24h,snowfall_last_12h,snowfall_overnight,snowfall_24h,precipitation_overnight,precipitation_24h,no_snowfall_penalty,freezing_rain,temp_min_overnight,wind_speed_avg_overnight,wind_gusts_max_overnight,dewpoint_avg_overnight,temperature0,precipitation0,snowfall0,wind_speed0,wind_gusts0,weather_code0,temperature1,precipitation1,snowfall1,wind_speed1,wind_gusts1,weather_code1,temperature2,precipitation2,snowfall2,wind_speed2,wind_gusts2,weather_code2,temperature3,precipitation3,snowfall3,wind_speed3,wind_gusts3,weather_code3,temperature4,precipitation4,snowfall4,wind_speed4,wind_gusts4,weather_code4,temperature5,precipitation5,snowfall5,wind_speed5,wind_gusts5,weather_code5,temperature6,precipitation6,snowfall6,wind_speed6,wind_gusts6,weather_code6,temperature7,precipitation7,snowfall7,wind_speed7,wind_gusts7,weather_code7
2024-11-15,0,0.0,0.0,0.0,0.0,0.0,0.0,2,False,3.3,7.9,20.9,3.6999999999999997,4.7,0.0,0.0,9.2,19.1,False,4.8,0.0,0.0,8.8,16.6,False,4.7,0.0,0.0,7.0,15.8,False,4.8,0.0,0.0,6.3,12.6,False,4.9,0.0,0.0,7.7,14.0,False,4.8,0.0,0.0,6.8,14.0,False,5.0,0.0,0.0,9.5,17.6,False,4.9,0.0,0.0,7.9,18.0,False
2024-11-18,0,0.0,0.0,0.0,0.0,0.0,0.0,2,False,2.0,14.2625,40.3,6.125,8.8,0.0,0.0,19.3,40.3,False,8.2,0.0,0.0,16.7,36.0,False,7.6,0.0,0.0,14.5,31.0,False,7.1,0.0,0.0,13.2,26.3,False,6.6,0.0,0.0,13.1,23.4,False,6.1,0.0,0.0,12.9,23.0,False,5.7,0.0,0.0,12.4,22.7,False,5.3,0.0,0.0,12.0,21.6,False
2024-11-19,0,0.0,0.0,0.0,0.0,0.0,3.3,2,False,2.8,11.0,35.6,2.5125,2.8,0.0,0.0,4.7,15.8,False,2.9,0.0,0.0,8.8,13.3,False,3.8,0.0,0.0,11.8,21.2,False,4.3,0.0,0.0,11.3,21.2,False,5.1,0.0,0.0,14.1,25.9,False,5.3,0.0,0.0,12.6,25.9,False,5.2,0.0,0.0,12.5,24.1,False,5.2,0.0,0.0,12.2,23.8,False
2024-11-20,0,0.0,0.0,0.0,0.0,0.4,8.6,2,False,4.2,9.6625,53.6,7.6375,7.7,0.3,0.0,6.3,10.4,False,8.1,0.1,0.0,11.2,18.4,False,8.1,0.0,0.0,12.2,21.2,False,8.2,0.0,0.0,11.2,21.6,False,8.4,0.0,0.0,11.0,19.8,False,8.5,0.0,0.0,9.7,19.4,False,8.3,0.0,0.0,8.5,16.9,False,8.1,0.0,0.0,7.2,14.8,False
2024-11-21,0,0.0,0.0,0.0,0.0,1.8,1.9000000000000001,2,False,1.4,15.2875,46.1,2.0,4.2,1.1,0.0,22.7,46.1,False,4.2,0.5,0.0,20.3,42.8,False,3.8,0.2,0.0,17.2,37.8,False,3.3,0.0,0.0,14.7,31.7,False,2.5,0.0,0.0,11.2,27.4,False,1.8,0.0,0.0,11.9,22.0,False,1.4,0.0,0.0,12.4,22.7,False,1.4,0.0,0.0,11.9,23.0,False
2024-11-22,0,0.0,0.0,0.0,0.0,1.9,8.0,2,False,4.1,15.4625,45.0,4.0,4.1,0.1,0.0,10.2,19.1,False,4.2,0.0,0.0,14.4,25.9,False,4.3,0.0,0.0,15.6,29.2,False,4.7,0.2,0.0,13.8,28.8,False,4.8,0.4,0.0,15.5,27.4,False,4.9,0.6,0.0,17.6,33.1,False,4.9,0.3,0.0,18.9,35.3,False,5.2,0.3,0.0,17.7,35.6,False
2024-11-25,0,0.0,0.0,0.0,0.0,0.0,1.8,2,True,-1.2,3.5125,28.4,-1.525,0.6,0.0,0.0,2.9,6.5,False,0.7,0.0,0.0,1.8,4.7,False,0.6,0.0,0.0,0.6,3.6,False,0.9,0.0,0.0,0.4,1.4,False,0.3,0.0,0.0,1.8,3.6,False,-0.9,0.0,0.0,3.9,5.8,False,-1.2,0.0,0.0,6.4,10.8,False,0.2,0.0,0.0,10.3,17.6,False
2024-11-26,0,0.0,0.0,0.0,0.49,1.7,4.6,1,True,0.4,18.5375,63.4,4.325,3.8,0.4,0.0,9.1,16.9,True,4.2,0.4,0.0,11.7,20.5,True,4.9,0.1,0.0,15.8,29.5,True,6.0,0.1,0.0,20.3,37.1,True,5.6,0.1,0.0,21.4,40.3,True,5.4,0.0,0.0,24.8,47.2,True,5.2,0.0,0.0,24.5,47.9,True,4.9,0.6,0.0,20.7,46.8,True
2024-11-27,0,0.8400000000000001,0.7,0.35000000000000003,0.35000000000000003,0.5,0.5,1,False,-0.3,21.375,55.4,-3.4375,0.7,0.1,0.07,22.0,46.8,True,0.2,0.1,0.07,21.8,43.2,True,0.6,0.1,0.07,23.8,45.7,True,1.0,0.1,0.07,22.6,46.8,True,1.2,0.1,0.07,20.6,43.6,True,1.3,0.0,0.0,21.5,41.4,True,1.4,0.0,0.0,20.1,41.4,True,1.4,0.0,0.0,18.6,38.9,True
2024-11-28,0,0.0,0.0,0.0,0.9100000000000001,0.0,1.3,1,False,-0.4,3.2375,40.0,-1.6875,0.6,0.0,0.0,6.1,16.2,True,0.9,0.0,0.0,2.2,11.5,True,0.9,0.0,0.0,1.7,4.7,True,0.9,0.0,0.0,1.5,3.2,True,0.8,0.0,0.0,3.5,7.2,True,0.6,0.0,0.0,4.6,8.6,True,0.8,0.0,0.0,3.8,9.4,True,0.9,0.0,0.0,2.5,7.2,True
2024-11-29,1,2.17,1.61,1.26,4.13,1.8,5.9,0,False,-0.9,16.925,45.7,-3.8874999999999997,-0.2,0.2,0.14,16.4,32.8,True,-0.6,0.2,0.14,17.2,35.3,True,-0.2,0.1,0.07,17.0,33.5,True,-0.3,0.2,0.14,16.2,33.1,True,-0.7,0.3,0.21,18.1,36.0,True,-0.6,0.4,0.28,18.1,34.6,True,-0.6,0.2,0.14,17.1,34.6,True,-0.5,0.2,0.14,15.3,35.6,True
2024-12-02,1,1.4000000000000001,0.0,0.0,0.91,0.0,1.3,1,False,-8.0,4.9,29.9,-7.8,-5.7,0.0,0.0,4.4,7.6,True,-5.7,0.0,0.0,3.6,7.2,True,-5.3,0.0,0.0,5.7,8.6,True,-5.8,0.0,0.0,5.9,9.7,True,-5.7,0.0,0.0,5.7,10.8,True,-6.9,0.0,0.0,5.1,10.1,True,-7.6,0.0,0.0,4.2,8.3,True,-7.6,0.0,0.0,4.6,8.3,True
2024-12-03,0,0.91,0.77,0.0,5.25,0.0,7.5,1,False,-4.3,8.3125,33.8,-4.5,-1.2,0.0,0.0,10.7,24.1,True,-1.5,0.0,0.0,9.6,19.8,True,-1.9,0.0,0.0,7.2,18.0,True,-2.5,0.0,0.0,7.5,13.0,True,-3.0,0.0,0.0,9.9,17.6,True,-3.2,0.0,0.0,7.7,17.3,True,-3.4,0.0,0.0,7.0,13.3,True,-3.2,0.0,0.0,6.9,12.6,True
2024-12-04,1,6.23,1.54,0.98,7.28,1.4,10.4,1,False,-3.5,23.9375,63.0,-3.75,-0.8,0.5,0.35,18.5,36.0,True,-0.8,0.3,0.21,19.8,36.7,True,-1.1,0.0,0.0,22.4,41.4,True,-1.1,0.0,0.0,25.4,48.6,True,-1.6,0.0,0.0,26.0,49.7,True,-2.0,0.1,0.07,25.1,49.7,True,-2.2,0.2,0.14,27.9,53.3,True,-2.7,0.3,0.21,26.4,53.6,True
2024-12-05,1,6.72,1.05,0.21000000000000002,0.9100000000000001,0.30000000000000004,1.3,1,False,-5.4,15.8125,54.0,-4.95,-1.1,0.2,0.14,11.8,27.4,True,-2.0,0.1,0.07,9.5,20.9,True,-2.0,0.0,0.0,11.9,19.8,True,-2.1,0.0,0.0,16.0,28.4,True,-2.5,0.0,0.0,19.0,34.9,True,-2.8,0.0,0.0,20.7,37.8,True,-3.0,0.0,0.0,20.0,38.5,True,-3.0,0.0,0.0,17.6,36.7,True
2024-12-06,0,0.8400000000000001,0.28,0.14,2.31,0.2,3.3000000000000003,1,False,-9.9,9.3625,46.1,-10.5375,-5.8,0.0,0.0,15.6,33.1,True,-6.2,0.0,0.0,14.4,28.8,True,-6.6,0.0,0.0,13.4,26.3,True,-7.3,0.0,0.0,11.2,23.8,True,-8.4,0.0,0.0,7.4,19.4,True,-9.9,0.0,0.0,4.0,12.2,True,-9.2,0.0,0.0,1.3,7.2,True,-7.7,0.2,0.14,7.6,11.9,True
2024-12-09,1,0.14,0.14,0.07,0.07,0.2,3.0,1,True,0.2,13.9625,39.6,-0.6375000000000001,0.6,0.1,0.07,10.3,20.9,True,0.7,0.0,0.0,11.7,22.0,True,0.7,0.1,0.0,13.3,24.1,True,0.8,0.0,0.0,12.7,24.8,True,0.7,0.0,0.0,14.5,25.9,True,0.9,0.0,0.0,14.9,27.4,True,0.2,0.0,0.0,16.6,30.2,True,0.2,0.0,0.0,17.7,32.4,True
2024-12-10,0,0.0,0.0,0.0,0.0,0.0,0.0,2,False,0.6,14.85,29.5,1.225,2.4,0.0,0.0,15.3,28.8,False,2.1,0.0,0.0,15.5,28.1,False,2.0,0.0,0.0,16.3,29.2,False,2.2,0.0,0.0,15.1,29.5,False,2.0,0.0,0.0,15.0,27.4,False,1.9,0.0,0.0,14.5,27.0,False,1.8,0.0,0.0,14.0,25.6,False,2.0,0.0,0.0,13.1,24.8,False
2024-12-11,0,0.0,0.0,0.0,4.13,0.0,6.1,1,True,-2.0,7.3875,41.4,-0.8375,-1.4,0.0,0.0,5.0,7.9,True,-1.8,0.0,0.0,5.7,9.7,True,-0.6,0.0,0.0,5.5,11.2,True,-0.4,0.0,0.0,6.9,12.2,True,-0.3,0.0,0.0,7.4,12.6,True,-0.2,0.0,0.0,8.3,13.7,True,0.1,0.0,0.0,9.8,17.6,True,0.1,0.0,0.0,10.5,19.1,True
2024-12-12,1,6.58,4.62,2.45,4.9,3.5,6.8,0,False,-7.3,21.0375,55.8,-6.0625,-2.0,0.6,0.42,21.1,43.2,True,-2.3,0.6,0.42,18.6,40.0,True,-2.3,0.1,0.07,17.1,41.4,True,-3.2,1.1,0.77,20.1,38.9,True,-3.6,0.4,0.28,20.0,42.1,True,-4.1,0.3,0.21,21.9,42.8,True,-4.5,0.2,0.14,23.8,47.2,True,-5.1,0.2,0.14,25.7,48.6,True
2024-12-13,1,3.15,0.9100000000000001,0.56,1.61,0.8,2.4,1,False,-10.7,12.775,36.0,-11.275,-7.6,0.2,0.14,16.8,31.3,True,-7.8,0.2,0.14,15.6,31.3,True,-7.5,0.1,0.07,17.1,31.0,True,-7.8,0.1,0.07,13.1,31.3,True,-8.1,0.1,0.07,12.7,24.1,True,-8.3,0.1,0.07,9.3,22.7,True,-8.9,0.0,0.0,8.7,16.2,True,-9.2,0.0,0.0,8.9,15.8,True
2024-12-16,0,0.0,0.0,0.0,0.0,0.0,3.5,2,False,1.5,13.2875,51.8,1.4,1.6,0.0,0.0,10.6,26.6,False,1.5,0.0,0.0,10.6,18.4,False,1.5,0.0,0.0,11.3,20.2,False,1.9,0.0,0.0,12.6,22.0,False,2.3,0.0,0.0,14.8,26.3,False,2.5,0.0,0.0,15.8,28.8,False,2.5,0.0,0.0,15.6,29.2,False,2.7,0.0,0.0,15.0,28.8,False
2024-12-17,0,0.0,0.0,0.0,0.0,2.1,2.1,2,False,2.4,24.75,60.1,2.45,5.8,1.4,0.0,19.9,35.3,False,4.7,0.3,0.0,24.8,46.8,False,3.8,0.0,0.0,23.7,48.6,False,3.4,0.1,0.0,23.4,45.0,False,2.9,0.1,0.0,27.5,52.9,False,2.8,0.1,0.0,25.2,52.6,False,2.9,0.1,0.0,26.0,49.7,False,3.3,0.0,0.0,27.5,52.6,False
2024-12-18,0,0.0,0.0,0.0,1.19,0.0,2.2,1,True,-1.9,10.8125,47.9,-1.675,2.2,0.0,0.0,11.8,23.4,True,2.0,0.0,0.0,11.0,22.7,True,1.8,0.0,0.0,10.8,21.6,True,1.5,0.0,0.0,9.9,20.5,True,1.5,0.0,0.0,10.0,19.1,True,1.5,0.0,0.0,10.8,20.5,True,1.5,0.0,0.0,11.5,22.0,True,1.2,0.0,0.0,10.7,22.0,True
2024-12-19,0,1.33,0.21000000000000002,0.14,0.21000000000000002,0.2,0.30000000000000004,1,False,-5.3,17.3,47.9,-9.4125,-2.4,0.0,0.0,21.2,47.5,True,-2.5,0.1,0.07,21.9,47.9,True,-3.2,0.1,0.07,20.9,47.2,True,-3.6,0.0,0.0,19.2,44.6,True,-4.0,0.0,0.0,16.4,40.3,True,-4.4,0.0,0.0,14.0,33.8,True,-4.8,0.0,0.0,12.9,28.4,True,-4.8,0.0,0.0,11.9,26.3,True
2024-12-20,0,0.6300000000000001,0.6300000000000001,0.56,1.54,0.8,2.2,1,False,-5.8,9.25,33.1,-6.4125,-4.2,0.2,0.14,9.2,19.8,True,-4.4,0.2,0.14,7.9,19.1,True,-4.4,0.2,0.14,8.4,16.9,True,-4.5,0.0,0.0,9.4,19.1,True,-4.6,0.0,0.0,9.0,19.1,True,-4.7,0.0,0.0,10.0,19.4,True,-4.6,0.1,0.07,10.2,20.5,True,-4.3,0.1,0.07,9.9,19.8,True
2025-01-06,0,0.35000000000000003,0.28,0.28,0.49000000000000005,0.4,0.7000000000000001,1,False,-9.2,12.6,42.8,-8.8375,-6.1,0.0,0.0,13.0,25.2,True,-6.2,0.0,0.0,8.7,24.5,True,-6.4,0.1,0.07,9.2,15.5,True,-6.7,0.1,0.07,15.1,28.8,True,-7.0,0.0,0.0,13.5,29.2,True,-7.4,0.1,0.07,11.8,26.3,True,-7.8,0.1,0.07,14.9,28.8,True,-8.1,0.0,0.0,14.6,29.5,True
2025-01-07,0,0.21000000000000002,0.0,0.0,0.0,0.0,0.0,2,False,-10.3,15.125,34.9,-9.35,-6.7,0.0,0.0,16.1,32.4,False,-7.1,0.0,0.0,15.6,31.0,False,-7.3,0.0,0.0,15.4,29.5,False,-7.4,0.0,0.0,15.0,29.5,False,-7.8,0.0,0.0,14.8,28.8,False,-8.0,0.0,0.0,14.6,28.4,False,-8.3,0.0,0.0,14.7,28.4,False,-8.6,0.0,0.0,14.8,29.9,False
2025-01-08,0,0.0,0.0,0.0,0.0,0.0,0.0,2,False,-14.1,13.3125,28.1,-14.625,-10.5,0.0,0.0,14.5,28.1,False,-11.0,0.0,0.0,14.3,28.1,False,-11.5,0.0,0.0,14.3,28.1,False,-12.1,0.0,0.0,13.2,27.7,False,-12.4,0.0,0.0,12.9,25.6,False,-12.7,0.0,0.0,12.7,25.2,False,-13.1,0.0,0.0,12.6,24.8,False,-13.6,0.0,0.0,12.0,24.5,False
2025-01-09,0,0.0,0.0,0.0,0.0,0.0,0.0,2,False,-14.7,12.925,25.6,-16.0875,-11.7,0.0,0.0,13.4,25.2,False,-11.9,0.0,0.0,12.9,24.8,False,-12.8,0.0,0.0,12.1,24.1,False,-13.5,0.0,0.0,12.6,22.3,False,-13.6,0.0,0.0,13.4,23.8,False,-13.6,0.0,0.0,13.3,24.8,False,-13.5,0.0,0.0,13.0,24.1,False,-13.4,0.0,0.0,12.7,23.8,False
2025-01-10,0,0.0,0.0,0.0,1.8900000000000001,0.0,2.7,1,False,-10.7,9.4125,32.8,-10.3875,-8.1,0.0,0.0,5.1,11.9,True,-7.9,0.0,0.0,7.0,12.2,True,-7.8,0.0,0.0,7.8,14.0,True,-7.9,0.0,0.0,10.0,18.0,True,-8.6,0.0,0.0,9.4,18.7,True,-9.1,0.0,0.0,11.4,20.5,True,-8.8,0.0,0.0,12.5,22.7,True,-8.8,0.0,0.0,12.1,22.7,True
2025-01-13,1,3.5700000000000003,2.17,1.12,4.83,1.6,6.9,0,False,-7.3,19.25,57.6,-1.8,-0.9,0.1,0.07,16.8,34.2,True,-0.3,0.2,0.14,16.9,32.0,True,0.2,0.2,0.14,18.6,34.9,True,0.4,0.2,0.14,18.8,35.6,True,0.2,0.2,0.14,21.5,40.0,True,-0.6,0.1,0.07,21.4,40.7,True,-1.0,0.2,0.14,20.8,40.7,True,-1.9,0.4,0.28,19.2,39.2,True
2025-01-14,1,4.970000000000001,1.47,0.98,2.5900000000000003,1.4,3.7,1,False,-8.1,19.9125,44.6,-10.625,-7.7,0.2,0.14,19.0,37.1,True,-7.6,0.1,0.07,19.7,37.4,True,-7.6,0.1,0.07,19.7,37.1,True,-7.8,0.1,0.07,20.1,38.2,True,-7.8,0.1,0.07,20.5,38.9,True,-7.8,0.2,0.14,21.0,39.6,True,-7.9,0.3,0.21,19.6,39.2,True,-8.1,0.3,0.21,19.7,36.7,True
2025-01-15,1,1.82,0.0,0.0,1.4000000000000001,0.0,2.0,1,False,-10.4,9.9375,40.0,-10.7875,-7.9,0.0,0.0,13.5,24.5,True,-7.9,0.0,0.0,13.1,24.8,True,-8.1,0.0,0.0,12.0,24.1,True,-8.4,0.0,0.0,10.4,22.0,True,-8.6,0.0,0.0,9.7,18.7,True,-9.1,0.0,0.0,9.2,17.6,True,-9.9,0.0,0.0,6.7,16.6,True,-10.4,0.0,0.0,4.9,11.5,True
2025-01-17,0,2.1,0.91,0.14,0.14,0.2,0.2,1,False,-3.3,12.55,69.8,-4.65,-1.5,0.1,0.07,16.3,31.0,True,-2.1,0.0,0.0,16.7,32.4,True,-2.4,0.0,0.0,14.3,31.7,True,-2.5,0.0,0.0,12.8,26.6,True,-2.5,0.1,0.07,11.2,23.8,True,-2.8,0.0,0.0,11.1,20.9,True,-3.0,0.0,0.0,9.4,20.5,True,-3.3,0.0,0.0,8.6,16.9,True
2025-01-20,1,3.3600000000000003,1.75,1.12,3.3600000000000003,1.6,4.8,0,False,-16.6,9.7125,50.0,-15.9375,-12.1,0.2,0.14,11.5,24.1,True,-12.4,0.3,0.21,11.6,21.2,True,-12.8,0.3,0.21,11.8,22.0,True,-12.9,0.2,0.14,10.6,22.0,True,-13.2,0.2,0.14,8.1,19.4,True,-13.7,0.2,0.14,6.6,14.8,True,-14.2,0.1,0.07,7.5,13.7,True,-15.4,0.1,0.07,10.0,19.4,True
2025-01-21,1,3.3600000000000003,1.54,1.05,2.9400000000000004,1.5,4.2,0,False,-14.6,14.65,52.6,-17.4875,-13.4,0.1,0.07,15.5,30.2,True,-13.4,0.1,0.07,15.1,28.8,True,-13.0,0.2,0.14,16.6,31.3,True,-12.9,0.2,0.14,16.4,32.4,True,-13.2,0.2,0.14,13.3,31.7,True,-13.3,0.3,0.21,12.3,24.1,True,-13.4,0.2,0.14,12.6,22.7,True,-13.6,0.2,0.14,15.4,28.1,True
2025-01-22,1,2.5200000000000005,1.05,0.49000000000000005,1.05,0.7000000000000001,1.5,1,False,-17.1,21.65,58.0,-17.5875,-14.3,0.1,0.07,19.9,37.4,True,-14.3,0.1,0.07,19.4,37.4,True,-14.2,0.1,0.07,19.9,38.9,True,-15.1,0.1,0.07,22.4,40.7,True,-15.5,0.1,0.07,23.3,45.4,True,-15.6,0.1,0.07,22.9,43.9,True,-14.8,0.1,0.07,22.2,42.8,True,-14.4,0.0,0.0,23.2,42.8,True
2025-01-23,0,1.4700000000000002,1.19,0.91,3.85,1.3,5.5,1,False,-9.6,23.4875,53.3,-10.7875,-9.6,0.1,0.07,27.1,53.3,True,-9.1,0.1,0.07,26.0,51.1,True,-8.9,0.1,0.07,24.8,49.0,True,-8.5,0.1,0.07,23.2,46.4,True,-8.3,0.1,0.07,21.8,43.9,True,-8.2,0.2,0.14,21.6,41.4,True,-8.4,0.3,0.21,22.1,41.8,True,-8.1,0.3,0.21,21.3,41.8,True
2025-01-24,1,3.71,0.9800000000000001,0.56,1.2600000000000002,0.8,1.8,1,False,-9.9,7.925,34.6,-10.85,-8.1,0.0,0.0,8.6,21.6,True,-8.2,0.1,0.07,8.9,15.1,True,-8.4,0.1,0.07,9.7,17.3,True,-8.8,0.1,0.07,7.9,17.3,True,-8.8,0.2,0.14,7.2,13.7,True,-9.1,0.1,0.07,7.6,13.7,True,-9.6,0.1,0.07,7.0,13.7,True,-9.9,0.1,0.07,6.5,12.2,True
2025-01-27,1,1.12,0.07,0.07,2.66,0.1,3.8000000000000003,1,False,-3.8,31.25,83.2,-6.4875,-3.8,0.0,0.0,27.6,51.8,True,-3.3,0.1,0.07,30.1,56.9,True,-3.3,0.0,0.0,29.5,57.2,True,-3.2,0.0,0.0,30.3,57.2,True,-3.5,0.0,0.0,31.0,58.7,True,-3.4,0.0,0.0,31.6,59.4,True,-3.2,0.0,0.0,34.3,64.4,True,-3.5,0.0,0.0,35.6,67.0,True
2025-01-28,1,2.87,2.59,0.28,3.85,0.4,5.6,1,False,-15.1,18.0125,57.2,-13.075,-3.3,0.1,0.07,23.6,53.3,True,-6.2,0.2,0.14,23.4,46.1,True,-7.6,0.1,0.07,21.9,45.4,True,-9.1,0.0,0.0,19.6,41.8,True,-11.1,0.0,0.0,18.1,37.4,True,-12.1,0.0,0.0,15.1,33.5,True,-13.1,0.0,0.0,12.4,27.7,True,-14.1,0.0,0.0,10.0,22.3,True
2025-01-29,1,4.13,0.8400000000000001,0.56,0.77,0.8,1.1,1,False,-10.7,27.212500000000002,61.2,-4.2875,0.9,0.1,0.07,21.6,39.6,True,0.8,0.1,0.07,24.1,44.3,True,0.2,0.2,0.14,23.5,45.4,True,-0.1,0.3,0.21,30.0,54.7,True,-0.9,0.1,0.07,30.8,58.3,True,-1.9,0.0,0.0,32.2,60.8,True,-3.2,0.0,0.0,29.4,61.2,True,-4.7,0.0,0.0,26.1,55.4,True
2025-01-30,1,0.49000000000000005,0.49000000000000005,0.28,0.28,0.4,0.4,1,False,-11.7,6.6,43.2,-13.2375,-11.4,0.0,0.0,8.8,22.3,True,-11.7,0.1,0.07,3.1,15.1,True,-11.4,0.1,0.07,2.7,5.4,True,-11.1,0.1,0.07,1.3,5.4,True,-10.6,0.1,0.07,5.1,7.2,True,-9.9,0.0,0.0,9.7,16.6,True,-9.4,0.0,0.0,11.2,19.4,True,-8.4,0.0,0.0,10.9,19.4,True
2025-01-31,0,0.0,0.0,0.0,0.0,0.0,0.0,2,False,-8.0,9.25,42.1,-4.8125,0.1,0.0,0.0,17.4,38.2,False,-0.6,0.0,0.0,14.8,30.6,False,-1.2,0.0,0.0,12.5,25.6,False,-2.5,0.0,0.0,9.9,21.2,False,-3.8,0.0,0.0,9.3,16.6,False,-5.1,0.0,0.0,7.0,15.5,False,-6.8,0.0,0.0,1.3,11.2,False,-7.6,0.0,0.0,1.8,3.2,False
2025-02-03,0,0.42000000000000004,0.21000000000000002,0.21000000000000002,5.25,0.30000000000000004,7.7,1,False,-4.6,16.725,36.7,-2.6125000000000003,-3.8,0.0,0.0,16.3,31.3,True,-3.4,0.0,0.0,15.8,29.9,True,-2.8,0.0,0.0,15.5,29.5,True,-2.1,0.0,0.0,18.6,35.3,True,-1.2,0.0,0.0,19.6,36.4,True,-0.6,0.0,0.0,18.3,36.7,True,-0.2,0.1,0.07,15.8,34.2,True,-0.2,0.2,0.14,13.9,29.2,True
2025-02-04,0,6.02,0.84,0.84,0.98,1.2,1.4,1,False,-12.6,9.6,46.1,-8.0,-5.6,0.0,0.0,11.4,23.4,True,-6.3,0.0,0.0,12.9,22.7,True,-6.4,0.0,0.0,13.8,25.6,True,-6.3,0.0,0.0,13.4,24.8,True,-6.4,0.0,0.0,11.5,24.8,True,-6.8,0.0,0.0,7.8,20.9,True,-6.8,0.2,0.14,4.9,13.7,True,-6.7,1.0,0.7,1.1,9.0,True
2025-02-05,0,0.84,0.0,0.0,0.0,0.0,0.0,2,False,-11.4,10.0125,23.4,-13.7,-10.6,0.0,0.0,12.3,20.9,False,-11.1,0.0,0.0,12.8,23.4,False,-11.1,0.0,0.0,13.1,23.4,False,-11.1,0.0,0.0,11.7,23.0,False,-10.6,0.0,0.0,10.5,20.5,False,-10.4,0.0,0.0,9.5,18.4,False,-10.1,0.0,0.0,7.4,16.9,False,-10.5,0.0,0.0,2.8,12.6,False
2025-02-06,0,0.28,0.28,0.28,1.6800000000000002,0.4,2.4,1,False,-11.4,11.700000000000001,76.0,-11.1125,-11.4,0.0,0.0,12.4,20.9,True,-11.1,0.0,0.0,12.4,22.3,True,-10.4,0.0,0.0,10.8,21.2,True,-8.0,0.0,0.0,11.8,21.6,True,-7.1,0.0,0.0,10.9,21.2,True,-6.7,0.4,0.28,13.0,22.7,True,-6.4,0.0,0.0,12.8,24.8,True,-6.1,0.0,0.0,9.5,23.8,True
2025-02-07,1,2.1,1.4,0.7000000000000001,1.1900000000000002,1.0,1.7000000000000002,1,False,-7.8,25.4625,59.0,-11.125,-5.8,0.3,0.21,28.4,55.1,True,-6.6,0.2,0.14,30.1,58.3,True,-7.4,0.0,0.0,27.3,57.6,True,-7.3,0.1,0.07,25.4,51.1,True,-7.8,0.1,0.07,23.6,47.9,True,-7.4,0.1,0.07,22.4,43.9,True,-7.4,0.1,0.07,22.8,42.8,True,-6.8,0.1,0.07,23.7,44.6,True
2025-02-10,0,1.6800000000000002,0.56,0.56,0.56,0.8,0.8,1,False,-7.9,9.3875,46.4,-9.9625,-6.8,0.0,0.0,15.0,29.5,True,-6.8,0.0,0.0,15.8,29.5,True,-6.8,0.0,0.0,15.6,29.5,True,-6.8,0.1,0.07,13.5,28.8,True,-6.9,0.1,0.07,8.8,24.8,True,-7.4,0.2,0.14,3.8,15.5,True,-7.7,0.2,0.14,0.8,6.1,True,-7.9,0.2,0.14,1.8,2.5,True
2025-02-11,0,0.35000000000000003,0.21000000000000002,0.21000000000000002,1.12,0.30000000000000004,1.6,1,False,-12.2,17.5875,37.8,-10.1625,-6.4,0.0,0.0,15.4,31.0,True,-6.8,0.0,0.0,15.3,27.7,True,-6.4,0.0,0.0,17.0,30.2,True,-5.9,0.0,0.0,19.2,34.2,True,-5.8,0.0,0.0,20.2,37.1,True,-6.1,0.0,0.0,19.2,37.8,True,-5.3,0.1,0.07,18.6,36.0,True,-5.4,0.2,0.14,15.8,34.6,True
2025-02-12,0,1.05,0.0,0.0,5.04,0.0,7.2,1,False,-12.7,12.325,47.9,-16.1625,-12.4,0.0,0.0,10.5,18.0,True,-12.4,0.0,0.0,10.7,17.3,True,-11.8,0.0,0.0,12.7,20.9,True,-11.6,0.0,0.0,12.6,22.3,True,-11.9,0.0,0.0,12.2,21.6,True,-12.7,0.0,0.0,12.4,22.0,True,-12.6,0.0,0.0,13.3,23.0,True,-12.7,0.0,0.0,14.2,24.8,True
2025-02-13,1,11.2,10.01,6.16,6.79,8.8,9.7,0,False,-8.6,14.9,55.4,-8.525,-7.9,1.8,1.26,19.1,40.3,True,-7.9,0.7,0.49,16.7,36.0,True,-7.8,1.2,0.84,13.9,31.0,True,-7.3,2.2,1.54,13.8,27.7,True,-6.3,1.7,1.19,13.1,27.0,True,-5.9,0.7,0.49,14.3,27.0,True,-6.1,0.3,0.21,13.8,26.3,True,-6.6,0.2,0.14,14.5,27.7,True
2025-02-14,1,1.12,0.7000000000000001,0.35000000000000003,0.35000000000000003,0.5,0.5,1,False,-9.4,20.5625,43.2,-11.625,-6.8,0.1,0.07,18.3,39.2,True,-6.8,0.2,0.14,19.8,36.7,True,-7.1,0.0,0.0,22.7,41.8,True,-7.7,0.0,0.0,22.1,43.2,True,-7.2,0.1,0.07,20.5,41.0,True,-7.2,0.1,0.07,21.3,39.6,True,-7.6,0.0,0.0,21.3,40.7,True,-7.8,0.0,0.0,18.5,40.3,True
2025-02-17,0,5.74,0.8400000000000001,0.28,2.0300000000000002,0.4,2.9,1,False,-12.2,15.1,56.2,-14.375,-11.1,0.1,0.07,17.1,37.1,True,-11.4,0.1,0.07,16.4,32.4,True,-11.8,0.0,0.0,14.8,31.0,True,-11.8,0.0,0.0,14.4,27.7,True,-11.9,0.0,0.0,14.5,27.4,True,-12.2,0.0,0.0,14.0,27.4,True,-12.0,0.1,0.07,14.6,27.4,True,-11.9,0.1,0.07,15.0,28.8,True
2025-02-18,1,1.96,0.42000000000000004,0.14,2.73,0.2,3.9,1,False,-14.7,14.6375,40.3,-17.5625,-12.6,0.1,0.07,12.4,24.5,True,-13.5,0.1,0.07,12.1,22.7,True,-14.3,0.0,0.0,13.2,24.1,True,-14.7,0.0,0.0,14.8,26.3,True,-14.7,0.0,0.0,16.2,29.5,True,-14.6,0.0,0.0,16.9,31.0,True,-14.7,0.0,0.0,16.0,31.0,True,-14.6,0.0,0.0,15.5,29.2,True
2025-02-19,1,2.73,1.4700000000000002,0.14,0.14,0.2,0.2,1,False,-14.9,9.1625,29.5,-15.0,-10.0,0.2,0.14,12.0,26.6,True,-10.5,0.0,0.0,11.2,22.3,True,-11.4,0.0,0.0,9.9,20.5,True,-12.5,0.0,0.0,7.6,18.0,True,-13.1,0.0,0.0,8.9,15.5,True,-14.4,0.0,0.0,5.8,15.5,True,-14.9,0.0,0.0,8.1,13.0,True,-14.3,0.0,0.0,9.8,16.9,True
2025-02-20,0,0.6300000000000001,0.6300000000000001,0.6300000000000001,1.2600000000000002,0.8,1.7000000000000002,1,False,-12.6,5.5875,32.8,-14.05,-12.5,0.0,0.0,6.5,11.9,True,-12.6,0.1,0.07,6.0,11.9,True,-12.6,0.2,0.14,4.9,10.8,True,-12.3,0.1,0.14,4.8,8.6,True,-12.3,0.1,0.07,3.3,8.3,True,-11.6,0.1,0.07,5.2,8.3,True,-11.3,0.1,0.07,6.2,10.4,True,-11.3,0.1,0.07,7.8,13.3,True
2025-02-21,0,0.7000000000000001,0.07,0.0,0.0,0.0,0.0,2,False,-11.7,13.3625,33.5,-14.65,-10.1,0.0,0.0,16.2,30.2,False,-10.8,0.0,0.0,15.1,29.9,False,-11.2,0.0,0.0,14.9,28.1,False,-11.6,0.0,0.0,13.6,27.4,False,-11.6,0.0,0.0,12.8,24.8,False,-11.7,0.0,0.0,12.3,23.4,False,-11.6,0.0,0.0,11.6,22.3,False,-11.4,0.0,0.0,10.4,21.2,False
2025-02-24,0,0.0,0.0,0.0,0.35000000000000003,0.0,0.5,1,False,-2.7,22.65,79.2,-4.2125,-2.3,0.0,0.0,18.1,33.1,True,-1.7,0.0,0.0,18.6,33.8,True,-1.6,0.0,0.0,19.4,36.0,True,-2.7,0.0,0.0,19.7,35.6,True,-2.2,0.0,0.0,22.5,40.7,True,-1.8,0.0,0.0,25.1,45.4,True,-1.4,0.0,0.0,27.7,50.4,True,-1.1,0.0,0.0,30.1,55.4,True
2025-02-25,0,0.35000000000000003,0.0,0.0,0.0,0.4,1.5,2,True,-2.0,12.1625,25.2,-0.75,0.1,0.0,0.0,12.8,23.4,False,0.2,0.0,0.0,14.1,24.8,False,0.3,0.0,0.0,12.4,24.8,False,0.0,0.0,0.0,8.9,21.2,False,0.2,0.0,0.0,13.2,23.4,False,0.2,0.0,0.0,10.8,23.0,False,0.1,0.1,0.0,13.1,22.7,False,0.7,0.3,0.0,12.0,24.5,False
2025-02-26,0,0.0,0.0,0.0,0.0,0.0,0.0,2,False,-8.8,5.8125,20.2,-6.3625,-2.8,0.0,0.0,2.2,12.6,False,-5.1,0.0,0.0,5.8,8.6,False,-4.1,0.0,0.0,8.3,13.3,False,-4.1,0.0,0.0,7.2,14.0,False,-5.9,0.0,0.0,6.0,11.9,False,-7.1,0.0,0.0,5.7,9.0,False,-7.8,0.0,0.0,5.7,9.4,False,-8.8,0.0,0.0,5.6,9.4,False
2025-02-27,0,0.14,0.14,0.14,0.49000000000000005,0.2,0.9,1,False,-4.9,5.9125,46.4,-4.5375,-4.9,0.0,0.0,9.0,14.4,True,-4.7,0.0,0.0,8.9,15.1,True,-3.5,0.0,0.0,8.9,15.5,True,-2.1,0.0,0.0,8.0,15.8,True,-1.6,0.0,0.0,6.1,13.0,True,-1.5,0.1,0.07,3.1,9.7,True,-1.4,0.1,0.07,1.9,4.0,True,-1.4,0.0,0.0,1.4,2.9,True
2025-02-28,0,0.35000000000000003,0.07,0.0,1.4,0.0,2.6,1,False,-7.7,11.0875,74.5,-8.2,-3.7,0.0,0.0,15.9,30.2,True,-4.6,0.0,0.0,15.5,30.2,True,-5.3,0.0,0.0,14.5,29.5,True,-6.3,0.0,0.0,12.4,27.7,True,-6.8,0.0,0.0,11.6,23.4,True,-7.2,0.0,0.0,8.8,21.6,True,-7.4,0.0,0.0,4.2,15.8,True,-7.7,0.0,0.0,5.8,10.4,True
2025-03-03,0,0.56,0.49000000000000005,0.42000000000000004,0.42000000000000004,0.5,0.5,1,False,-7.4,13.025,42.1,-8.925,-7.4,0.2,0.14,11.4,20.5,True,-6.9,0.2,0.14,10.7,20.2,True,-6.6,0.1,0.07,10.0,18.7,True,-6.3,0.0,0.07,10.7,18.7,True,-6.2,0.0,0.0,13.3,23.4,True,-6.2,0.0,0.0,15.5,27.7,True,-6.3,0.0,0.0,16.2,29.5,True,-6.8,0.0,0.0,16.4,30.2,True
2025-03-04,0,0.0,0.0,0.0,0.21,0.1,4.3,1,False,-2.7,19.3,38.5,-3.975,-2.5,0.0,0.0,20.5,38.2,True,-2.7,0.0,0.0,20.1,37.4,True,-2.6,0.0,0.0,19.2,36.7,True,-1.1,0.0,0.0,19.6,35.6,True,-0.1,0.1,0.0,19.3,36.7,True,0.5,0.0,0.0,17.9,35.3,True,0.9,0.0,0.0,19.2,35.3,True,0.9,0.0,0.0,18.6,34.9,True
2025-03-05,0,0.21,0.0,0.0,0.0,6.2,10.1,2,False,2.8,12.8125,54.7,0.5,2.8,0.4,0.0,7.3,13.0,False,2.8,0.0,0.0,9.4,15.5,False,3.4,0.2,0.0,10.3,17.3,False,3.7,0.7,0.0,10.4,18.4,False,3.7,1.2,0.0,12.9,22.3,False,3.8,0.7,0.0,14.6,25.9,False,4.2,1.3,0.0,17.6,30.6,False,4.8,1.7,0.0,20.0,36.4,False
2025-03-06,1,0.5599999999999999,0.5599999999999999,0.5599999999999999,1.47,6.0,7.3,1,False,-8.5,19.55,73.1,0.16250000000000006,3.0,0.2,0.0,19.4,35.6,True,2.3,0.6,0.0,19.7,36.4,True,1.8,1.3,0.0,18.1,36.7,True,1.5,1.1,0.0,16.4,33.5,True,1.2,0.7,0.0,15.5,29.9,True,0.2,0.7,0.0,20.3,37.8,True,-1.1,0.8,0.21,23.0,44.6,True,-2.4,0.6,0.35,24.0,47.9,True
2025-03-07,1,1.33,0.07,0.07,1.33,0.1,1.9,1,False,-4.8,21.7125,55.8,-6.7125,-4.2,0.0,0.0,17.8,40.7,True,-4.3,0.1,0.07,16.1,33.5,True,-3.0,0.0,0.0,21.5,40.3,True,-3.2,0.0,0.0,22.7,43.6,True,-3.4,0.0,0.0,23.0,43.9,True,-3.7,0.0,0.0,23.9,45.4,True,-4.0,0.0,0.0,24.1,46.4,True,-4.1,0.0,0.0,24.6,47.5,True
2025-03-10,0,0.0,0.0,0.0,0.0,0.0,0.0,2,False,-4.2,9.0375,38.2,-2.7625,1.2,0.0,0.0,13.5,30.2,False,0.3,0.0,0.0,11.3,23.8,False,-0.6,0.0,0.0,10.7,19.4,False,-1.0,0.0,0.0,10.1,19.4,False,-1.6,0.0,0.0,8.1,16.9,False,-2.0,0.0,0.0,6.7,13.7,False,-3.7,0.0,0.0,5.6,11.2,False,-4.2,0.0,0.0,6.3,10.1,False
2025-03-11,0,0.0,0.0,0.0,0.0,0.0,0.0,2,False,-5.8,23.2,51.1,0.35,5.3,0.0,0.0,22.6,41.0,False,5.7,0.0,0.0,23.6,43.9,False,5.7,0.0,0.0,24.4,45.4,False,5.8,0.0,0.0,25.1,47.2,False,5.8,0.0,0.0,24.9,47.2,False,5.4,0.0,0.0,23.3,46.8,False,4.7,0.0,0.0,21.2,43.9,False,3.9,0.0,0.0,20.5,40.0,False
2025-03-12,0,0.0,0.0,0.0,0.0,0.0,0.0,2,False,-7.8,2.4250000000000003,19.8,-9.225,-6.8,0.0,0.0,5.4,11.2,False,-6.8,0.0,0.0,4.2,9.4,False,-6.8,0.0,0.0,1.1,7.9,False,-7.6,0.0,0.0,1.7,3.6,False,-7.8,0.0,0.0,2.1,4.3,False,-6.8,0.0,0.0,1.5,4.0,False,-5.7,0.0,0.0,0.6,2.9,False,-5.2,0.0,0.0,2.8,5.8,False
2025-03-13,0,0.0,0.0,0.0,0.0,0.0,0.0,2,False,-6.2,3.4125,24.8,-10.9,-5.4,0.0,0.0,4.4,7.6,False,-5.4,0.0,0.0,3.9,7.6,False,-5.6,0.0,0.0,2.9,6.1,False,-5.8,0.0,0.0,2.7,5.0,False,-6.0,0.0,0.0,2.9,4.7,False,-6.2,0.0,0.0,4.1,6.8,False,-5.8,0.0,0.0,2.8,6.8,False,-5.9,0.0,0.0,3.6,5.8,False
2025-03-14,0,0.0,0.0,0.0,0.0,0.0,0.0,2,False,-1.6,9.6875,43.2,-6.3375,-1.3,0.0,0.0,8.7,14.4,False,-1.6,0.0,0.0,9.9,16.2,False,-1.4,0.0,0.0,10.5,18.0,False,-1.0,0.0,0.0,9.7,17.6,False,-1.0,0.0,0.0,9.1,16.2,False,-0.9,0.0,0.0,9.3,15.5,False,-1.3,0.0,0.0,9.5,15.8,False,-1.3,0.0,0.0,10.8,18.0,False
2025-03-24,0,1.4700000000000002,1.4700000000000002,1.33,5.6000000000000005,2.5,8.9,0,True,-0.7,25.7875,70.9,-0.5750000000000001,-0.7,0.7,0.49,23.4,44.3,True,0.2,0.7,0.49,22.4,45.0,True,1.5,0.3,0.21,24.8,47.2,True,1.7,0.2,0.07,27.3,51.8,True,1.5,0.5,0.07,26.1,52.6,True,2.2,0.1,0.0,26.5,51.5,True,1.7,0.0,0.0,28.0,53.3,True,1.1,0.0,0.0,27.8,54.7,True
2025-03-25,0,4.69,1.75,0.42000000000000004,1.75,0.6000000000000001,2.5,1,False,-2.6,17.95,45.4,-2.6750000000000003,-0.5,0.1,0.07,20.0,41.0,True,-0.8,0.1,0.07,17.9,38.9,True,-0.8,0.1,0.07,18.6,35.6,True,-0.9,0.1,0.07,18.8,36.0,True,-0.9,0.1,0.07,19.4,37.1,True,-0.9,0.1,0.07,16.9,37.1,True,-0.9,0.0,0.0,16.1,32.0,True,-1.2,0.0,0.0,15.9,31.7,True
2025-03-26,0,1.75,0.49000000000000005,0.42000000000000004,0.42000000000000004,0.6000000000000001,0.6000000000000001,1,False,-5.4,10.025,37.1,-5.0,-2.6,0.1,0.07,6.6,14.4,True,-2.5,0.1,0.07,9.2,17.6,True,-2.5,0.1,0.07,11.6,22.3,True,-2.9,0.0,0.0,10.3,22.7,True,-3.2,0.1,0.07,9.0,20.2,True,-3.1,0.1,0.07,10.2,20.5,True,-3.1,0.1,0.07,10.8,22.0,True,-3.2,0.0,0.0,12.5,26.3,True
2025-03-27,0,0.0,0.0,0.0,0.0,0.0,0.2,2,False,-5.3,11.15,50.4,-7.6000000000000005,-4.8,0.0,0.0,9.2,16.9,False,-4.9,0.0,0.0,8.9,16.9,False,-4.8,0.0,0.0,9.0,16.6,False,-4.8,0.0,0.0,10.8,19.8,False,-5.3,0.0,0.0,10.6,19.8,False,-5.2,0.0,0.0,12.4,22.7,False,-4.9,0.0,0.0,13.5,24.8,False,-4.2,0.0,0.0,14.8,27.7,False
2025-03-28,0,0.0,0.0,0.0,0.0,0.0,9.5,2,False,-2.7,9.3875,43.2,-4.275,-1.3,0.0,0.0,6.8,14.4,False,-0.8,0.0,0.0,11.1,20.2,False,-1.7,0.0,0.0,8.9,19.8,False,-2.4,0.0,0.0,7.7,15.8,False,-2.7,0.0,0.0,9.0,15.8,False,-2.7,0.0,0.0,9.3,16.9,False,-2.0,0.0,0.0,11.2,21.2,False,-1.4,0.0,0.0,11.1,22.0,False
2025-03-31,1,0.0,0.0,0.0,0.07,0.4,0.7,1,True,-1.3,27.1,55.8,8.4875,12.8,0.0,0.0,29.3,55.4,True,11.8,0.0,0.0,27.8,55.8,True,11.6,0.0,0.0,26.6,52.2,True,11.4,0.1,0.0,28.3,53.6,True,8.1,0.3,0.0,24.8,53.6,True,7.4,0.0,0.0,24.4,46.4,True,6.2,0.0,0.0,26.9,50.8,True,4.2,0.0,0.0,28.7,55.8,True
2025-11-17,0,0.0,0.0,0.0,0.0,0.0,0.0,2,False,-0.6,16.3625,54.4,-7.1625,-0.5,0.0,0.0,16.3,31.3,False,-0.6,0.0,0.0,17.1,32.8,False,-0.4,0.0,0.0,15.7,32.0,False,-0.2,0.0,0.0,17.0,32.0,False,-0.1,0.0,0.0,16.4,32.4,False,-0.1,0.0,0.0,16.1,32.0,False,0.1,0.0,0.0,16.8,32.4,False,-0.3,0.0,0.0,15.5,33.1,False
2025-11-18,0,0.0,0.0,0.0,0.0,0.0,0.0,2,False,0.3,5.7375,22.0,-3.4375,1.3,0.0,0.0,10.4,19.4,False,1.0,0.0,0.0,8.9,19.8,False,0.9,0.0,0.0,7.9,16.2,False,0.9,0.0,0.0,6.8,14.0,False,0.8,0.0,0.0,5.0,12.2,False,0.3,0.0,0.0,2.7,9.0,False,0.6,0.0,0.0,1.3,4.3,False,0.3,0.0,0.0,2.9,2.5,False
2025-11-19,0,0.0,0.0,0.0,0.0,0.0,0.0,2,False,-1.4,6.95,24.1,-4.975,0.9,0.0,0.0,8.2,14.4,False,-0.2,0.0,0.0,9.3,15.1,False,-0.8,0.0,0.0,8.4,16.6,False,-0.9,0.0,0.0,7.5,14.8,False,-1.0,0.0,0.0,8.7,15.1,False,-0.9,0.0,0.0,8.0,15.5,False,-1.4,0.0,0.0,4.5,14.0,False,-0.8,0.0,0.0,1.0,6.8,False
2025-11-20,0,0.0,0.0,0.0,0.0,0.0,0.1,2,False,-2.0,7.7125,37.4,-4.175,-0.6,0.0,0.0,6.8,11.9,False,-0.9,0.0,0.0,7.8,13.0,False,-1.1,0.0,0.0,7.2,13.7,False,-1.2,0.0,0.0,6.8,12.6,False,-1.1,0.0,0.0,7.2,12.6,False,-1.2,0.0,0.0,7.7,13.7,False,-2.0,0.0,0.0,7.6,13.7,False,-1.8,0.0,0.0,10.6,15.8,False
2025-11-21,0,0.0,0.0,0.0,0.0,2.3,2.4,2,False,2.1,18.5375,44.6,4.6625,3.7,0.1,0.0,19.1,37.8,False,4.4,0.5,0.0,19.9,36.0,False,5.2,0.6,0.0,18.9,37.1,False,5.3,0.2,0.0,17.9,35.3,False,5.3,0.2,0.0,19.6,35.6,False,5.8,0.5,0.0,19.8,38.9,False,5.6,0.1,0.0,17.4,36.7,False,4.1,0.1,0.0,15.7,31.3,False
2025-11-24,0,0.07,0.0,0.0,0.0,0.0,0.0,2,False,-1.7,6.074999999999999,40.0,-2.225,0.9,0.0,0.0,8.7,20.9,False,0.1,0.0,0.0,7.0,15.1,False,-0.5,0.0,0.0,6.3,12.2,False,-0.8,0.0,0.0,5.1,10.4,False,-0.6,0.0,0.0,4.1,7.6,False,-0.6,0.0,0.0,2.1,6.5,False,-1.7,0.0,0.0,3.6,6.5,False,-1.0,0.0,0.0,11.7,18.0,False
2025-11-25,0,0.0,0.0,0.0,0.0,0.0,5.0,2,False,5.1,13.8625,36.0,0.15,5.1,0.0,0.0,19.1,36.0,False,5.3,0.0,0.0,17.1,35.3,False,5.3,0.0,0.0,15.3,31.3,False,5.1,0.0,0.0,14.0,27.7,False,5.4,0.0,0.0,12.3,25.2,False,5.4,0.0,0.0,11.3,22.3,False,5.5,0.0,0.0,10.8,20.5,False,5.7,0.0,0.0,11.0,19.4,False
2025-11-26,0,0.0,0.0,0.0,0.56,0.7,3.9,1,True,1.0,12.7625,59.8,7.0625,6.4,0.3,0.0,8.6,15.5,True,6.9,0.1,0.0,11.8,21.6,True,7.2,0.0,0.0,12.9,23.4,True,7.3,0.1,0.0,13.6,24.8,True,7.4,0.2,0.0,14.4,26.6,True,7.7,0.0,0.0,14.7,28.4,True,7.7,0.0,0.0,13.1,26.6,True,7.8,0.0,0.0,13.0,26.3,True
2025-11-27,1,3.92,3.8499999999999996,3.36,5.39,5.5,8.4,0,False,-2.3,29.2625,62.3,-0.975,0.9,1.0,0.7,25.2,52.2,True,1.4,1.3,0.84,32.1,60.1,True,1.4,1.2,0.63,30.3,62.3,True,0.9,0.7,0.28,31.6,60.1,True,0.7,0.4,0.28,29.7,60.8,True,0.4,0.1,0.07,28.3,56.9,True,0.1,0.3,0.21,27.3,54.7,True,0.3,0.5,0.35,29.6,58.0,True
2025-11-28,1,2.4499999999999997,0.35000000000000003,0.07,0.35000000000000003,0.2,0.6000000000000001,1,False,-2.8,19.075,59.0,-5.1375,-2.3,0.0,0.0,18.2,35.3,True,-2.2,0.0,0.0,18.8,37.1,True,-2.5,0.1,0.07,18.1,36.0,True,-2.8,0.0,0.0,17.1,34.9,True,-2.8,0.0,0.0,18.3,35.6,True,-2.8,0.1,0.0,18.6,36.4,True,-2.7,0.0,0.0,20.4,39.6,True,-1.9,0.0,0.0,23.1,43.2,True
2025-12-01,0,4.9,0.0,0.0,0.35000000000000003,0.0,0.5,1,False,-8.0,8.3375,33.5,-8.9375,-5.4,0.0,0.0,14.9,33.5,True,-6.0,0.0,0.0,14.1,28.1,True,-6.5,0.0,0.0,11.1,27.0,True,-6.7,0.0,0.0,8.7,20.9,True,-7.0,0.0,0.0,6.8,16.2,True,-7.8,0.0,0.0,5.0,12.2,True,-8.0,0.0,0.0,2.5,7.9,True,-7.7,0.0,0.0,3.6,4.7,True
2025-12-02,0,0.56,0.56,0.21000000000000002,0.21000000000000002,0.30000000000000004,0.30000000000000004,1,False,-8.1,13.275,31.7,-7.7125,-5.1,0.1,0.07,16.0,31.7,True,-5.7,0.1,0.07,14.8,30.2,True,-5.8,0.0,0.0,13.7,27.0,True,-5.8,0.1,0.07,13.1,25.6,True,-5.7,0.0,0.0,13.2,24.8,True,-5.8,0.0,0.0,13.5,25.2,True,-6.2,0.0,0.0,11.6,24.5,True,-7.1,0.0,0.0,10.3,20.5,True
2025-12-03,0,0.07,0.07,0.07,2.8000000000000003,0.1,4.1,1,False,-4.7,19.5125,64.1,-4.6,-4.7,0.0,0.0,16.4,30.6,True,-4.0,0.0,0.0,17.5,31.7,True,-3.4,0.0,0.0,17.7,33.8,True,-2.0,0.0,0.0,18.9,36.0,True,-1.6,0.0,0.0,19.7,37.4,True,-1.2,0.0,0.0,20.3,38.9,True,-1.1,0.0,0.0,22.1,43.2,True,-1.2,0.1,0.07,23.5,46.1,True
2025-12-04,1,3.1500000000000004,1.05,0.35000000000000003,0.91,0.5,1.3,1,False,-14.1,19.725,51.8,-9.4125,-4.0,0.0,0.0,11.7,28.4,True,-4.1,0.1,0.07,15.1,27.4,True,-4.2,0.1,0.07,19.0,34.6,True,-5.1,0.0,0.0,24.3,45.4,True,-6.0,0.0,0.0,25.9,51.8,True,-6.6,0.0,0.0,25.5,49.7,True,-7.4,0.1,0.07,23.3,48.2,True,-8.3,0.2,0.14,13.0,43.2,True
2025-12-05,0,0.7000000000000001,0.0,0.0,0.21000000000000002,0.0,0.30000000000000004,1,False,-11.7,20.9125,49.0,-14.325,-11.7,0.0,0.0,15.8,28.8,True,-11.3,0.0,0.0,17.7,32.8,True,-11.2,0.0,0.0,19.3,36.7,True,-10.6,0.0,0.0,20.3,38.5,True,-10.5,0.0,0.0,22.8,43.6,True,-10.4,0.0,0.0,23.8,46.1,True,-10.6,0.0,0.0,23.8,46.1,True,-9.7,0.0,0.0,23.8,46.4,True
2025-12-08,0,2.38,0.0,0.0,0.35000000000000003,0.0,0.5,1,False,-19.1,8.0625,26.3,-15.1,-10.1,0.0,0.0,13.9,26.3,True,-10.4,0.0,0.0,13.3,24.8,True,-10.2,0.0,0.0,10.9,22.7,True,-10.6,0.0,0.0,8.4,18.7,True,-11.8,0.0,0.0,6.6,14.4,True,-13.4,0.0,0.0,5.6,11.2,True,-15.2,0.0,0.0,3.9,8.6,True,-16.6,0.0,0.0,1.9,6.5,True
2025-12-09,0,0.35000000000000003,0.0,0.0,2.38,0.0,3.5,1,False,-10.0,17.4875,52.6,-12.925,-8.1,0.0,0.0,15.6,28.8,True,-8.4,0.0,0.0,16.9,30.6,True,-8.2,0.0,0.0,17.4,31.7,True,-8.5,0.0,0.0,17.7,32.8,True,-9.6,0.0,0.0,16.4,32.8,True,-10.0,0.0,0.0,16.6,30.2,True,-9.4,0.0,0.0,17.7,32.8,True,-8.1,0.0,0.0,21.6,37.4,True
2025-12-10,1,4.13,1.8900000000000001,1.75,5.6000000000000005,2.5,8.0,0,False,-8.9,8.75,46.4,-3.95,-2.0,0.0,0.0,14.2,32.4,True,-2.0,0.0,0.0,10.9,26.6,True,-2.2,0.0,0.0,5.3,19.4,True,-2.6,0.0,0.0,1.9,9.0,True,-2.8,0.1,0.07,6.0,10.1,True,-2.8,0.2,0.14,10.9,19.4,True,-2.4,0.6,0.42,10.5,19.8,True,-2.2,1.6,1.12,10.3,24.1,True
2025-12-11,1,4.97,0.0,0.0,0.0,0.0,0.0,2,False,-11.1,13.45,34.9,-13.1375,-9.5,0.0,0.0,15.6,34.9,False,-9.9,0.0,0.0,15.2,29.2,False,-10.0,0.0,0.0,13.8,26.6,False,-9.8,0.0,0.0,13.6,24.5,False,-10.2,0.0,0.0,13.4,24.5,False,-10.5,0.0,0.0,13.0,24.8,False,-10.9,0.0,0.0,11.3,23.0,False,-11.1,0.0,0.0,11.7,24.5,False
2025-12-12,0,0.0,0.0,0.0,0.77,0.0,1.1,1,False,-13.5,8.7,38.5,-12.55,-9.8,0.0,0.0,7.6,17.6,True,-11.1,0.0,0.0,5.1,12.6,True,-12.2,0.0,0.0,4.1,7.2,True,-13.5,0.0,0.0,5.6,8.6,True,-12.1,0.0,0.0,6.6,9.0,True,-9.1,0.0,0.0,10.7,16.6,True,-5.2,0.0,0.0,15.2,26.3,True,-4.2,0.0,0.0,14.7,29.9,True
2025-12-15,0,0.9800000000000001,0.9800000000000001,0.9800000000000001,3.08,1.7000000000000002,4.8,1,False,-11.6,7.7625,64.4,-10.675,-11.6,0.1,0.07,8.6,13.7,True,-10.8,0.3,0.14,10.6,16.6,True,-9.8,0.2,0.14,8.5,18.4,True,-9.2,0.2,0.14,7.3,14.8,True,-9.1,0.2,0.14,4.1,12.6,True,-9.1,0.4,0.21,3.6,7.2,True,-8.2,0.2,0.07,6.0,10.8,True,-5.1,0.1,0.07,13.4,18.7,True
2025-12-16,0,2.17,0.63,0.0,0.0,0.0,0.0,2,False,-5.7,11.625,72.4,-6.0875,-4.2,0.0,0.0,10.0,20.2,False,-4.2,0.0,0.0,10.4,18.4,False,-4.0,0.0,0.0,10.5,19.4,False,-4.1,0.0,0.0,9.9,19.4,False,-4.6,0.0,0.0,10.4,18.7,False,-4.8,0.0,0.0,11.4,20.9,False,-4.8,0.0,0.0,13.2,23.4,False,-4.5,0.0,0.0,17.2,32.0,False
2025-12-17,1,0.0,0.0,0.0,0.0,0.1,0.1,2,False,-3.7,33.35,74.9,-1.225,0.8,0.1,0.0,37.9,74.9,False,1.4,0.0,0.0,36.1,70.9,False,1.6,0.0,0.0,36.3,68.0,False,1.8,0.0,0.0,34.8,68.0,False,2.0,0.0,0.0,32.7,64.8,False,2.2,0.0,0.0,32.5,60.8,False,2.2,0.0,0.0,30.4,60.1,False,2.0,0.0,0.0,26.1,56.5,False
2025-12-18,0,0.0,0.0,0.0,0.0,0.0,1.6,2,False,-2.6,20.8625,77.0,-2.1374999999999997,-2.6,0.0,0.0,17.4,29.9,False,-0.9,0.0,0.0,21.3,39.6,False,-0.1,0.0,0.0,20.2,39.6,False,0.1,0.0,0.0,19.3,37.1,False,0.5,0.0,0.0,19.2,34.9,False,1.2,0.0,0.0,19.5,36.0,False,1.9,0.0,0.0,23.5,42.5,False,2.2,0.0,0.0,26.5,46.4,False
2025-12-19,1,3.15,3.15,3.15,6.23,8.2,12.6,0,False,-7.3,25.825,76.0,2.175,6.7,0.3,0.0,35.6,72.7,True,6.3,0.8,0.0,30.6,68.0,True,4.9,0.8,0.0,23.6,58.3,True,1.9,1.1,0.14,23.7,48.6,True,1.0,2.6,1.47,20.4,45.4,True,0.9,1.2,0.63,23.5,44.3,True,0.8,0.7,0.42,25.9,50.0,True,0.5,0.7,0.49,23.3,50.0,True
2026-01-05,1,2.73,2.52,2.52,4.62,3.6,6.7,0,False,-9.2,15.225,37.4,-8.525,-9.2,0.0,0.0,9.6,18.0,True,-8.4,0.0,0.0,9.7,16.9,True,-6.8,0.1,0.07,13.4,23.0,True,-5.6,0.3,0.21,16.6,30.6,True,-5.3,0.5,0.35,18.4,34.2,True,-5.1,0.7,0.49,18.7,35.3,True,-4.5,0.9,0.63,18.3,36.4,True,-4.1,1.1,0.77,17.1,34.2,True
2026-01-06,1,2.87,0.0,0.0,0.77,0.0,3.0,1,True,-1.9,9.3375,21.6,-2.475,-1.9,0.0,0.0,7.6,12.2,True,-1.5,0.0,0.0,10.4,17.6,True,-1.3,0.0,0.0,9.6,18.0,True,-1.1,0.0,0.0,9.7,17.3,True,-0.9,0.0,0.0,8.6,18.4,True,-0.9,0.0,0.0,8.5,14.8,True,-0.9,0.0,0.0,9.6,17.3,True,-1.5,0.0,0.0,10.7,19.1,True
2026-01-07,0,1.05,0.7000000000000001,0.28,0.28,0.4,0.4,1,False,-0.2,6.675,25.6,-0.3375,0.1,0.1,0.07,6.4,15.1,True,0.1,0.2,0.14,6.0,13.0,True,0.1,0.1,0.07,5.5,10.8,True,0.0,0.0,0.0,4.4,9.7,True,-0.2,0.0,0.0,7.8,13.7,True,-0.2,0.0,0.0,7.7,15.1,True,-0.1,0.0,0.0,6.9,13.7,True,0.3,0.0,0.0,8.7,13.7,True
2026-01-08,0,0.0,0.0,0.0,0.0,0.0,0.0,2,False,0.1,14.175,56.5,0.3,1.0,0.0,0.0,14.0,25.6,False,0.9,0.0,0.0,14.3,25.9,False,0.9,0.0,0.0,14.7,26.6,False,0.6,0.0,0.0,15.3,28.4,False,0.9,0.0,0.0,14.4,28.4,False,0.9,0.0,0.0,13.7,26.6,False,0.9,0.0,0.0,13.1,25.2,False,0.7,0.0,0.0,13.9,24.1,False
2026-01-09,0,0.0,0.0,0.0,0.0,6.3,14.299999999999999,2,True,0.1,32.8625,81.4,2.875,5.3,0.2,0.0,27.7,57.2,False,6.1,0.7,0.0,29.2,55.8,False,5.8,0.0,0.0,26.6,53.6,False,6.2,2.9,0.0,34.6,64.4,False,6.2,1.8,0.0,38.2,81.4,False,6.1,0.3,0.0,36.8,72.0,False,6.3,0.4,0.0,36.2,71.3,False,7.4,0.0,0.0,33.6,68.4,False
2026-01-12,0,1.19,0.14,0.14,2.73,0.2,3.9000000000000004,1,False,-2.7,24.2625,55.4,-3.525,-2.7,0.0,0.0,18.1,34.6,True,-2.0,0.0,0.0,19.7,40.0,True,-1.5,0.0,0.0,22.9,44.3,True,-1.2,0.0,0.0,24.7,47.5,True,-0.8,0.0,0.0,26.8,51.1,True,-0.6,0.0,0.0,28.2,54.7,True,-0.5,0.1,0.07,28.2,55.4,True,-0.7,0.1,0.07,25.5,54.7,True
2026-01-13,0,2.66,0.0,0.0,0.35000000000000003,0.0,4.6,1,True,-2.0,13.6625,62.6,-1.175,0.9,0.0,0.0,13.1,29.9,True,1.1,0.0,0.0,11.7,24.5,True,0.8,0.0,0.0,11.0,20.9,True,-0.3,0.0,0.0,12.5,21.6,True,-1.5,0.0,0.0,13.5,24.8,True,-2.0,0.0,0.0,14.7,26.6,True,-1.9,0.0,0.0,15.9,29.2,True,0.0,0.0,0.0,16.9,30.6,True
2026-01-14,0,0.35000000000000003,0.0,0.0,1.1900000000000002,0.4,2.2,1,False,-9.9,16.7125,60.8,1.3875,2.5,0.0,0.0,20.6,40.3,True,3.1,0.0,0.0,16.5,37.8,True,2.3,0.1,0.0,18.4,33.5,True,1.9,0.0,0.0,17.5,33.5,True,1.7,0.1,0.0,15.2,32.0,True,1.6,0.0,0.0,14.4,28.1,True,1.5,0.1,0.0,15.0,27.7,True,1.1,0.1,0.0,16.1,32.4,True
2026-01-15,1,4.0600000000000005,3.5,2.87,3.22,4.1,4.7,0,False,-12.6,29.5875,65.2,-13.9375,-10.5,0.2,0.14,32.0,65.2,True,-11.6,0.2,0.14,29.7,65.2,True,-11.9,0.6,0.42,31.1,63.0,True,-11.9,0.5,0.35,32.0,63.0,True,-12.0,0.5,0.35,30.2,64.8,True,-11.9,0.7,0.49,27.1,60.5,True,-11.9,0.8,0.56,28.0,56.5,True,-12.6,0.6,0.42,26.6,56.5,True
2026-01-19,1,1.96,1.33,1.19,4.2700000000000005,1.7,6.1,0,False,-11.4,18.9375,55.4,-10.275,-8.4,0.2,0.14,23.6,45.4,True,-8.8,0.3,0.21,22.1,45.4,True,-8.6,0.3,0.21,18.3,42.1,True,-8.1,0.2,0.14,16.5,34.9,True,-8.2,0.3,0.21,17.0,32.4,True,-8.2,0.2,0.14,17.2,33.1,True,-8.2,0.1,0.07,18.3,34.9,True,-8.4,0.1,0.07,18.5,35.3,True
2026-01-20,1,3.99,1.61,0.8400000000000001,2.1,1.2,3.0,1,False,-12.9,15.7125,59.0,-16.725,-11.8,0.3,0.21,10.3,25.2,True,-12.4,0.2,0.14,9.0,18.4,True,-12.9,0.2,0.14,5.2,15.5,True,-12.4,0.1,0.07,11.5,19.8,True,-12.2,0.1,0.07,16.7,29.9,True,-11.9,0.1,0.07,24.0,42.8,True,-11.9,0.1,0.07,25.7,48.2,True,-12.9,0.1,0.07,23.3,48.6,True
2026-01-21,1,2.1,1.12,0.77,5.11,1.1,7.3,1,False,-10.4,24.0375,51.8,-12.3625,-9.4,0.1,0.07,27.3,51.8,True,-9.5,0.2,0.14,26.1,51.5,True,-8.8,0.2,0.14,25.6,48.6,True,-8.3,0.2,0.14,23.1,47.9,True,-8.1,0.1,0.07,22.9,43.2,True,-8.2,0.1,0.07,23.1,44.6,True,-9.8,0.1,0.07,22.3,43.6,True,-10.4,0.1,0.07,21.9,41.8,True
2026-01-22,1,5.04,2.38,0.63,1.8900000000000001,0.9,2.7,1,False,-10.5,22.8125,68.0,-8.675,-4.0,0.4,0.28,22.7,42.1,True,-4.4,0.3,0.21,25.2,46.4,True,-4.7,0.0,0.0,24.0,47.5,True,-4.7,0.0,0.0,22.8,45.4,True,-5.1,0.1,0.07,20.4,43.2,True,-5.1,0.1,0.07,20.6,38.5,True,-5.4,0.0,0.0,22.8,42.5,True,-6.2,0.0,0.0,24.0,42.5,True
2026-01-23,1,1.5400000000000003,0.77,0.28,1.33,0.4,1.9000000000000001,1,False,-20.4,18.325,50.8,-18.0125,-10.6,0.1,0.07,21.4,39.2,True,-11.6,0.0,0.0,22.7,41.0,True,-12.1,0.0,0.0,16.7,42.1,True,-12.6,0.0,0.0,16.2,30.6,True,-12.9,0.0,0.0,16.3,29.9,True,-13.4,0.1,0.07,15.1,30.6,True,-13.3,0.1,0.07,20.2,37.1,True,-14.8,0.1,0.07,18.0,45.4,True
2026-01-26,0,3.6399999999999997,1.8900000000000001,1.26,2.1,1.8,3.0,0,False,-12.1,9.8875,37.1,-13.85,-11.6,0.2,0.14,11.6,24.1,True,-11.9,0.2,0.14,6.9,21.6,True,-12.1,0.3,0.21,5.9,12.2,True,-12.0,0.3,0.21,8.3,13.7,True,-11.7,0.3,0.21,10.6,19.4,True,-11.8,0.2,0.14,10.0,19.8,True,-11.8,0.2,0.14,11.5,20.9,True,-12.1,0.1,0.07,14.3,24.1,True
2026-01-27,1,2.24,1.54,1.33,3.5700000000000003,1.9,5.1,0,False,-14.1,26.3125,53.6,-14.2,-10.1,0.2,0.14,24.1,45.4,True,-11.0,0.2,0.14,25.4,46.4,True,-10.8,0.1,0.07,25.3,48.6,True,-10.8,0.2,0.14,25.5,48.2,True,-11.4,0.3,0.21,27.9,52.6,True,-12.1,0.3,0.21,27.8,53.6,True,-12.4,0.3,0.21,27.6,52.6,True,-13.3,0.3,0.21,26.9,53.3,True
2026-01-28,1,3.43,1.68,0.98,4.48,1.4,6.4,1,False,-10.8,12.15,43.6,-12.5625,-9.2,0.1,0.07,11.8,21.2,True,-9.8,0.1,0.07,6.1,21.2,True,-10.8,0.2,0.14,4.3,10.1,True,-10.1,0.3,0.21,5.8,8.3,True,-8.7,0.2,0.14,16.6,28.8,True,-8.7,0.1,0.07,16.9,33.8,True,-9.1,0.1,0.07,17.3,31.7,True,-9.3,0.3,0.21,18.4,33.5,True
2026-01-29,0,4.48,2.17,0.77,1.05,1.1,1.5,1,False,-18.5,16.225,43.6,-15.4625,-9.9,0.4,0.28,17.8,28.4,True,-11.1,0.5,0.35,19.6,43.6,True,-11.6,0.1,0.07,15.6,37.1,True,-12.2,0.0,0.0,15.5,29.5,True,-13.0,0.0,0.0,17.4,33.5,True,-14.2,0.1,0.07,16.2,34.6,True,-14.9,0.0,0.0,13.9,31.3,True,-15.4,0.0,0.0,13.8,27.7,True
2026-01-30,0,0.35000000000000003,0.07,0.07,0.7000000000000001,0.0,0.9,1,False,-18.5,13.887500000000001,27.4,-20.875,-17.5,0.0,0.07,12.9,23.0,True,-17.5,0.0,0.0,14.8,24.8,True,-17.4,0.0,0.0,14.8,25.9,True,-17.4,0.0,0.0,14.3,25.9,True,-17.5,0.0,0.0,14.0,25.6,True,-17.8,0.0,0.0,13.4,25.2,True,-18.0,0.0,0.0,12.9,24.1,True,-18.5,0.0,0.0,14.0,23.0,True
